vendor_id,vendor,invoice,invoice_date,due_date,currency,amount,status,entered
V-3015,Ironwood Fasteners,1200,2026-01-05,2026-02-19,USD,1429.20,paid 2026-02-13,2026-01-07
V-3036,Cardinal Freight,1223,2026-02-05,2026-02-20,USD,4348.04,paid 2026-02-13,2026-02-09
V-3007,Stonebridge Carton,1246,2026-03-05,2026-04-19,USD,1324.15,paid 2026-04-17,2026-03-09
V-3027,Hocking Hills Cleaning,1269,2026-04-06,2026-05-06,USD,4018.27,paid 2026-05-01,2026-04-08
V-3049,Mad River Plastics,1292,2026-05-05,2026-06-04,USD,1627.60,paid 2026-05-29,2026-05-07
V-3019,Greenway Office Supply,1315,2026-06-03,2026-07-03,USD,4330.36,paid 2026-06-26,2026-06-05
V-3040,Oakridge Janitorial,1338,2026-07-06,2026-08-05,USD,2314.96,paid 2026-07-31,2026-07-08
V-3011,Hillcrest Pallet Co.,1361,2026-08-05,2026-09-04,USD,3093.25,paid 2026-08-28,2026-08-07
V-3031,Cedar Label Works,1384,2026-09-04,2026-10-04,USD,2016.65,paid 2026-10-02,2026-09-09
V-3002,Kenton Box & Crate,1407,2026-10-05,2026-11-04,USD,981.03,paid 2026-10-30,2026-10-07
V-1052,Northern Maple Paper,NMP-3420,2026-11-05,2026-12-05,CAD,3899.01,paid 2026-12-04,2026-11-09
V-3044,Franklin Electric Supply,1453,2026-11-25,2026-12-25,USD,2279.35,paid 2026-12-18,2026-11-30
V-3015,Ironwood Fasteners,1476,2026-01-05,2026-02-19,USD,1220.51,paid 2026-02-13,2026-01-07
V-3036,Cardinal Freight,1499,2026-02-05,2026-02-20,USD,599.58,paid 2026-02-13,2026-02-09
V-3007,Stonebridge Carton,1522,2026-03-05,2026-04-19,USD,1751.91,paid 2026-04-17,2026-03-09
V-3027,Hocking Hills Cleaning,1545,2026-04-06,2026-05-06,USD,4067.72,paid 2026-05-01,2026-04-08
V-3049,Mad River Plastics,1568,2026-05-05,2026-06-04,USD,1684.94,paid 2026-05-29,2026-05-07
V-3019,Greenway Office Supply,1591,2026-06-03,2026-07-03,USD,2036.03,paid 2026-06-26,2026-06-05
V-3040,Oakridge Janitorial,1614,2026-07-06,2026-08-05,USD,1935.75,paid 2026-07-31,2026-07-08
V-3011,Hillcrest Pallet Co.,1637,2026-08-05,2026-09-04,USD,542.81,paid 2026-08-28,2026-08-07
V-3031,Cedar Label Works,1660,2026-09-04,2026-10-04,USD,850.58,paid 2026-10-02,2026-09-09
V-3002,Kenton Box & Crate,1683,2026-10-05,2026-11-04,USD,1882.44,paid 2026-10-30,2026-10-07
V-1052,Northern Maple Paper,NMP-3424,2026-11-05,2026-12-05,CAD,1647.84,paid 2026-12-04,2026-11-09
V-3044,Franklin Electric Supply,1729,2026-11-25,2026-12-25,USD,2119.96,paid 2026-12-18,2026-11-30
V-3015,Ironwood Fasteners,1752,2026-01-05,2026-02-19,USD,1595.52,paid 2026-02-13,2026-01-07
V-3036,Cardinal Freight,1775,2026-02-05,2026-02-20,USD,2478.94,paid 2026-02-13,2026-02-09
V-3007,Stonebridge Carton,1798,2026-03-05,2026-04-19,USD,4097.17,paid 2026-04-17,2026-03-09
V-3027,Hocking Hills Cleaning,1821,2026-04-06,2026-05-06,USD,3656.28,paid 2026-05-01,2026-04-08
V-3049,Mad River Plastics,1844,2026-05-05,2026-06-04,USD,3218.96,paid 2026-05-29,2026-05-07
V-3019,Greenway Office Supply,1867,2026-06-03,2026-07-03,USD,3867.47,paid 2026-06-26,2026-06-05
V-3040,Oakridge Janitorial,1890,2026-07-06,2026-08-05,USD,1078.83,paid 2026-07-31,2026-07-08
V-3011,Hillcrest Pallet Co.,1913,2026-08-05,2026-09-04,USD,4815.19,paid 2026-08-28,2026-08-07
V-3031,Cedar Label Works,1936,2026-09-04,2026-10-04,USD,3480.43,paid 2026-10-02,2026-09-09
V-3002,Kenton Box & Crate,1959,2026-10-05,2026-11-04,USD,2388.55,paid 2026-10-30,2026-10-07
V-3002,Kenton Box & Crate,7781,2026-12-14,2027-01-13,USD,4812.50,paid 2027-01-08,2026-12-16
V-3011,Hillcrest Pallet Co.,3900,2026-12-15,2027-01-14,USD,2837.80,paid 2027-01-08,2026-12-17
V-1052,Northern Maple Paper,NMP-3516,2026-12-14,2027-01-13,CAD,2367.14,paid 2027-01-08,2026-12-16
V-3036,Cardinal Freight,3922,2026-12-28,2027-01-12,USD,1180.87,paid 2027-01-08,2026-12-30
V-3049,Mad River Plastics,3933,2026-12-15,2027-01-14,USD,910.39,paid 2027-01-08,2026-12-17
V-3011,Hillcrest Pallet Co.,3944,2026-12-16,2027-01-15,USD,2060.80,paid 2027-01-08,2026-12-18
V-1052,Northern Maple Paper,NMP-3519,2026-12-16,2027-01-15,CAD,783.84,paid 2027-01-08,2026-12-18
V-3002,Kenton Box & Crate,4100,2026-12-18,2027-01-17,USD,3299.53,carried forward to AP Register 2027,2026-12-22
V-3027,Hocking Hills Cleaning,4117,2026-12-17,2027-01-16,USD,3764.96,carried forward to AP Register 2027,2026-12-21
V-3044,Franklin Electric Supply,4134,2026-12-17,2027-01-16,USD,3834.59,carried forward to AP Register 2027,2026-12-21
V-3015,Ironwood Fasteners,4151,2026-12-03,2027-01-17,USD,965.40,carried forward to AP Register 2027,2026-12-07
V-3036,Cardinal Freight,4168,2027-01-04,2027-01-19,USD,2224.28,carried forward to AP Register 2027,2027-01-06
V-3007,Stonebridge Carton,4185,2026-12-04,2027-01-18,USD,1750.34,carried forward to AP Register 2027,2026-12-08
V-3027,Hocking Hills Cleaning,4202,2026-12-21,2027-01-20,USD,3469.87,carried forward to AP Register 2027,2026-12-23
V-3049,Mad River Plastics,4219,2026-12-22,2027-01-21,USD,2689.73,carried forward to AP Register 2027,2026-12-24
V-3019,Greenway Office Supply,4236,2026-12-21,2027-01-20,USD,3355.58,carried forward to AP Register 2027,2026-12-23
V-3040,Oakridge Janitorial,4253,2026-12-18,2027-01-17,USD,1055.78,carried forward to AP Register 2027,2026-12-22
V-3011,Hillcrest Pallet Co.,4270,2026-12-17,2027-01-16,USD,4373.69,carried forward to AP Register 2027,2026-12-21
V-3031,Cedar Label Works,4287,2026-12-18,2027-01-17,USD,2176.09,carried forward to AP Register 2027,2026-12-22
V-3002,Kenton Box & Crate,4304,2026-12-18,2027-01-17,USD,655.83,carried forward to AP Register 2027,2026-12-22
V-3027,Hocking Hills Cleaning,4321,2026-12-21,2027-01-20,USD,352.32,carried forward to AP Register 2027,2026-12-23
V-3044,Franklin Electric Supply,4338,2026-12-21,2027-01-20,USD,4161.52,carried forward to AP Register 2027,2026-12-23
V-3015,Ironwood Fasteners,4355,2026-12-07,2027-01-21,USD,4328.90,carried forward to AP Register 2027,2026-12-09
V-3036,Cardinal Freight,4372,2027-01-05,2027-01-20,USD,4389.91,carried forward to AP Register 2027,2027-01-07
V-3007,Stonebridge Carton,4389,2026-12-04,2027-01-18,USD,1886.29,carried forward to AP Register 2027,2026-12-08
V-3027,Hocking Hills Cleaning,4406,2026-12-17,2027-01-16,USD,1522.49,carried forward to AP Register 2027,2026-12-21
V-3049,Mad River Plastics,4423,2026-12-18,2027-01-17,USD,2896.20,carried forward to AP Register 2027,2026-12-22
V-3019,Greenway Office Supply,4440,2026-12-18,2027-01-17,USD,4427.06,carried forward to AP Register 2027,2026-12-22
V-3040,Oakridge Janitorial,4457,2026-12-21,2027-01-20,USD,2155.61,carried forward to AP Register 2027,2026-12-23
V-3011,Hillcrest Pallet Co.,4474,2026-12-21,2027-01-20,USD,3197.87,carried forward to AP Register 2027,2026-12-23
V-3031,Cedar Label Works,4491,2026-12-22,2027-01-21,USD,936.40,carried forward to AP Register 2027,2026-12-24
V-3002,Kenton Box & Crate,4508,2026-12-22,2027-01-21,USD,3294.78,carried forward to AP Register 2027,2026-12-24
V-3027,Hocking Hills Cleaning,4525,2026-12-21,2027-01-20,USD,1648.57,carried forward to AP Register 2027,2026-12-23
V-3044,Franklin Electric Supply,4542,2026-12-17,2027-01-16,USD,3855.96,carried forward to AP Register 2027,2026-12-21
V-3015,Ironwood Fasteners,4559,2026-12-03,2027-01-17,USD,4398.57,carried forward to AP Register 2027,2026-12-07
V-3036,Cardinal Freight,4576,2027-01-04,2027-01-19,USD,970.87,carried forward to AP Register 2027,2027-01-06
V-3007,Stonebridge Carton,4593,2026-12-04,2027-01-18,USD,3388.66,carried forward to AP Register 2027,2026-12-08
