vendor_id,vendor,invoice,invoice_date,due_date,currency,amount,status,entered
V-1002,Ohio Valley Packaging,7781,2026-12-28,2027-01-07,USD,4812.50,paid 2027-01-07,2027-01-04
V-1011,Buckeye Pallet Co.,3900,2026-12-15,2027-01-07,USD,2837.80,paid 2027-01-07,2027-01-04
V-1023,Northern Maple Trading,3911,2026-12-15,2027-01-07,USD,2367.14,paid 2027-01-07,2027-01-04
V-1036,Cardinal Freight,3922,2026-12-15,2027-01-07,USD,1180.87,paid 2027-01-07,2027-01-04
V-1049,Mad River Plastics,3933,2026-12-15,2027-01-07,USD,910.39,paid 2027-01-07,2027-01-04
V-1011,Buckeye Pallet Co.,3944,2026-12-15,2027-01-07,USD,2060.80,paid 2027-01-07,2027-01-04
V-1023,Northern Maple Trading,3955,2026-12-15,2027-01-07,USD,783.84,paid 2027-01-07,2027-01-04
V-1002,Ohio Valley Packaging,4100,2026-12-07,2027-01-14,USD,3299.53,open,2026-12-10
V-1027,Hocking Hills Cleaning,4117,2026-12-08,2027-01-15,USD,3764.96,open,2026-12-11
V-1044,Franklin Electric Supply,4134,2026-12-09,2027-01-16,USD,3834.59,open,2026-12-12
V-1015,Great Lakes Fasteners,4151,2026-12-10,2027-01-17,USD,965.40,open,2026-12-13
V-1036,Cardinal Freight,4168,2026-12-11,2027-01-18,USD,2224.28,open,2026-12-14
V-1007,Lakeshore Corrugated,4185,2026-12-12,2027-01-19,USD,1750.34,open,2026-12-15
V-1027,Hocking Hills Cleaning,4202,2026-12-13,2027-01-20,USD,3469.87,open,2026-12-16
V-1049,Mad River Plastics,4219,2026-12-14,2027-01-21,USD,2689.73,open,2026-12-17
V-1019,Scioto Office Supply,4236,2026-12-15,2027-01-14,USD,3355.58,open,2026-12-18
V-1002,Ohio Valley Packaging,7781-R,2027-01-12,2027-01-15,USD,4812.50,open,2027-01-12
V-1040,Riverside Janitorial,4253,2026-12-16,2027-01-15,USD,1055.78,open,2026-12-19
V-1011,Buckeye Pallet Co.,4270,2026-12-17,2027-01-16,USD,4373.69,open,2026-12-20
V-1031,Midwest Label Works,4287,2026-12-18,2027-01-17,USD,2176.09,open,2026-12-21
V-1002,Ohio Valley Packaging,4304,2026-12-19,2027-01-18,USD,655.83,open,2026-12-22
V-1027,Hocking Hills Cleaning,4321,2026-12-20,2027-01-19,USD,352.32,open,2026-12-23
V-1044,Franklin Electric Supply,4338,2026-12-21,2027-01-20,USD,4161.52,open,2026-12-24
V-1015,Great Lakes Fasteners,4355,2026-12-22,2027-01-21,USD,4328.90,open,2026-12-25
V-1036,Cardinal Freight,4372,2026-12-23,2027-01-14,USD,4389.91,open,2026-12-26
V-1007,Lakeshore Corrugated,4389,2026-12-24,2027-01-15,USD,1886.29,open,2026-12-27
V-1027,Hocking Hills Cleaning,4406,2026-12-25,2027-01-16,USD,1522.49,open,2026-12-28
V-1049,Mad River Plastics,4423,2026-12-26,2027-01-17,USD,2896.20,open,2026-12-29
V-1019,Scioto Office Supply,4440,2026-12-27,2027-01-18,USD,4427.06,open,2026-12-30
V-1040,Riverside Janitorial,4457,2026-12-28,2027-01-19,USD,2155.61,open,2026-12-31
V-1011,Buckeye Pallet Co.,4474,2026-12-29,2027-01-20,USD,3197.87,open,2027-01-01
V-1031,Midwest Label Works,4491,2026-12-30,2027-01-21,USD,936.40,open,2027-01-02
V-1002,Ohio Valley Packaging,4508,2026-12-07,2027-01-14,USD,3294.78,open,2026-12-10
V-1027,Hocking Hills Cleaning,4525,2026-12-08,2027-01-15,USD,1648.57,open,2026-12-11
V-1044,Franklin Electric Supply,4542,2026-12-09,2027-01-16,USD,3855.96,open,2026-12-12
V-1015,Great Lakes Fasteners,4559,2026-12-10,2027-01-17,USD,4398.57,open,2026-12-13
V-1036,Cardinal Freight,4576,2026-12-11,2027-01-18,USD,970.87,open,2026-12-14
V-1007,Lakeshore Corrugated,4593,2026-12-12,2027-01-19,USD,3388.66,open,2026-12-15
V-1007,Lakeshore Corrugated,4700,2027-01-08,2027-01-28,USD,2426.45,open,2027-01-13
V-1036,Cardinal Freight,4713,2027-01-08,2027-01-29,USD,565.25,open,2027-01-13
V-1015,Great Lakes Fasteners,4726,2027-01-08,2027-01-30,USD,3979.56,open,2027-01-13
V-1044,Franklin Electric Supply,4739,2027-01-08,2027-01-31,USD,1220.10,open,2027-01-13
V-1023,Northern Maple Trading,4752,2027-01-08,2027-02-01,USD,3649.02,open,2027-01-13
V-1002,Ohio Valley Packaging,4765,2027-01-08,2027-02-02,USD,2859.25,open,2027-01-13
V-1031,Midwest Label Works,4778,2027-01-08,2027-02-03,USD,3779.99,open,2027-01-13
V-1011,Buckeye Pallet Co.,4791,2027-01-08,2027-02-04,USD,2389.10,open,2027-01-13
V-1040,Riverside Janitorial,4804,2027-01-08,2027-02-05,USD,663.94,open,2027-01-13
V-1023,Northern Maple Trading,NM-2207,2027-01-05,2027-02-04,CAD,9650.00,open,2027-01-13
