rank,vendor,invoice_no,amount_usd,discount_usd,reason
1,Meridian Labels Inc.,INV-6128,44530.25,890.61,"strategic vendor, 2% discount"
2,Granite State Shrink Wrap Co.,INV-6170,38194.50,763.89,"strategic vendor, 2% discount"
3,Cardinal Office Products Inc.,INV-6149,36447.50,728.95,"strategic vendor, 2% discount"
4,Clearwater Janitorial Supply Inc.,INV-6142,35781.00,715.62,"strategic vendor, 2% discount"
5,Northwind Stretch Film Inc.,INV-6114,34410.25,688.21,"strategic vendor, 2% discount"
6,Northline Staffing Inc.,INV-6191,31881.25,637.63,"strategic vendor, 2% discount"
7,Heartland Tape & Adhesive Corp.,INV-6156,24924.50,498.49,"strategic vendor, 2% discount"
8,Union Packaging Inc.,INV-6100,24558.00,491.16,"strategic vendor, 2% discount"
9,Anchor Fasteners Corp.,INV-6121,18785.00,375.70,"strategic vendor, 2% discount"
10,Delmar Industrial Gas Inc.,INV-6177,17984.00,359.68,"strategic vendor, 2% discount"
11,Ridgeway Corrugated Corp.,INV-6107,15856.00,317.12,"strategic vendor, 2% discount"
12,Westfield Logistics Inc.,INV-6163,8913.25,178.27,"strategic vendor, 2% discount"
13,Capitol Uniform Rental LLC,INV-6184,8505.00,170.10,"strategic vendor, 2% discount"
14,Apex Lift Service LLC,INV-6135,3359.50,67.19,"strategic vendor, 2% discount"
