vendor,currency,open_balance
Allied Fasteners Corp.,USD,18785.00
Bluegrass Twine Co.,USD,2315.50
Buckeye Janitorial Supply Inc.,USD,35781.00
Capitol Uniform Rental LLC,USD,8505.00
Cardinal Office Products Inc.,USD,36447.50
Delmar Industrial Gas Inc.,USD,17984.00
Fresh Start Floor Care,USD,1310.00
Granite State Shrink Wrap Co.,USD,38194.50
Great Lakes Stretch Film Inc.,USD,34410.25
Hamilton Scale Co.,USD,8200.00
Heartland Tape & Adhesive Corp.,USD,24924.50
Hollis Signs,USD,960.00
Keystone Corrugated Corp.,USD,15856.00
Lakeshore Packaging LLC,USD,41007.50
Marcus Webb,USD,725.00
Midwest Packaging Inc.,USD,24558.00
Northern Maple Ltd.,CAD,18400.00
Northline Staffing Inc.,USD,31881.25
Patriot Pest Control Inc.,USD,390.00
Prairie Labels Inc.,USD,44530.25
Riverbend Logistics Inc.,USD,8913.25
Rosa Delgado,USD,1840.00
Scioto Pallet Co.,USD,24753.00
Summit Forklift Service LLC,USD,3359.50
Tri-County Freight Inc.,USD,3110.00
